threshold,precision,recall,f1,tp,fp,fn
0.6,1.0,0.4444444444444444,0.6153846153846154,4,0,5
0.55,0.4117647058823529,0.7777777777777778,0.5384615384615384,7,10,2
0.5,0.32,0.8888888888888888,0.47058823529411764,8,17,1
0.45,0.25,0.8888888888888888,0.3902439024390244,8,24,1
0.65,1.0,0.2222222222222222,0.36363636363636365,2,0,7
0.4,0.16666666666666666,0.8888888888888888,0.2807017543859649,8,40,1
0.35,0.13114754098360656,0.8888888888888888,0.22857142857142856,8,53,1
0.3,0.12162162162162163,1.0,0.21686746987951808,9,65,0
0.25,0.08823529411764706,1.0,0.16216216216216217,9,93,0
0.2,0.06164383561643835,1.0,0.11612903225806452,9,137,0
0.7,0.0,0.0,0.0,0,0,9
