threshold,precision,recall,f1,fp,fn
0.5,0.76,0.4222222222222222,0.5428571428571428,6,26
0.45,0.7307692307692307,0.4222222222222222,0.5352112676056338,7,26
0.4,0.7272727272727273,0.5333333333333333,0.6153846153846154,9,21
0.35,0.6136363636363636,0.6,0.6067415730337079,17,18
0.3,0.6326530612244898,0.6888888888888889,0.6595744680851063,18,14
0.25,0.5737704918032787,0.7777777777777778,0.660377358490566,26,10
0.2,0.5303030303030303,0.7777777777777778,0.6306306306306306,31,10
0.15,0.4318181818181818,0.8444444444444444,0.5714285714285714,50,7
0.1,0.38235294117647056,0.8666666666666667,0.5306122448979592,63,6
0.05,0.33070866141732286,0.9333333333333333,0.4883720930232558,85,3
