file,start,end,label,anfis_probability,anfis_prediction
chb03_16.edf,1945.0,1950.0,0,0.1491602,0
chb03_15.edf,2260.0,2265.0,0,0.15712777,0
chb03_34.edf,2360.0,2365.0,0,0.21728468,0
chb03_17.edf,1485.0,1490.0,0,0.15492299,0
chb03_36.edf,1095.0,1100.0,0,0.13830464,0
chb03_36.edf,275.0,280.0,0,0.14974678,0
chb03_15.edf,160.0,165.0,0,0.14956,0
chb03_35.edf,1190.0,1195.0,0,0.1372507,0
chb03_15.edf,2185.0,2190.0,0,0.16347416,0
chb03_17.edf,2455.0,2460.0,0,0.1715785,0
chb03_17.edf,365.0,370.0,0,0.21614459,0
chb03_17.edf,2925.0,2930.0,0,0.1414505,0
chb03_16.edf,3240.0,3245.0,0,0.15166022,0
chb03_01.edf,650.0,655.0,0,0.15191995,0
chb03_16.edf,2070.0,2075.0,0,0.13917406,0
chb03_36.edf,1155.0,1160.0,0,0.14543167,0
chb03_01.edf,2565.0,2570.0,0,0.15735479,0
chb03_16.edf,2135.0,2140.0,0,0.18163608,0
chb03_35.edf,1755.0,1760.0,0,0.1376066,0
chb03_35.edf,2810.0,2815.0,0,0.13466099,0
chb03_01.edf,3085.0,3090.0,0,0.13428082,0
chb03_16.edf,1475.0,1480.0,0,0.15540262,0
chb03_34.edf,960.0,965.0,0,0.15230152,0
chb03_15.edf,1870.0,1875.0,0,0.15862279,0
chb03_35.edf,1500.0,1505.0,0,0.16183847,0
chb03_16.edf,2835.0,2840.0,0,0.14204656,0
chb03_36.edf,420.0,425.0,0,0.15276694,0
chb03_01.edf,3430.0,3435.0,0,0.16642195,0
chb03_35.edf,505.0,510.0,0,0.1396151,0
chb03_34.edf,3310.0,3315.0,0,0.14606798,0
chb03_36.edf,2335.0,2340.0,0,0.157219,0
chb03_36.edf,3005.0,3010.0,0,0.15235609,0
chb03_01.edf,2075.0,2080.0,0,0.18141356,0
chb03_36.edf,1080.0,1085.0,0,0.35371965,0
chb03_17.edf,2310.0,2315.0,0,0.16123648,0
chb03_01.edf,790.0,795.0,0,0.18889567,0
chb03_34.edf,1715.0,1720.0,0,0.14154457,0
chb03_15.edf,2940.0,2945.0,0,0.15250905,0
chb03_15.edf,575.0,580.0,0,0.14718889,0
chb03_01.edf,2385.0,2390.0,0,0.15808856,0
chb03_34.edf,315.0,320.0,0,0.14464597,0
chb03_35.edf,115.0,120.0,0,0.15596245,0
chb03_17.edf,725.0,730.0,0,0.17751434,0
chb03_15.edf,935.0,940.0,0,0.15724061,0
chb03_16.edf,2450.0,2455.0,0,0.15223777,0
chb03_36.edf,1065.0,1070.0,0,0.12892863,0
chb03_36.edf,1480.0,1485.0,0,0.14483327,0
chb03_35.edf,1120.0,1125.0,0,0.13729,0
chb03_17.edf,2920.0,2925.0,0,0.14275987,0
chb03_34.edf,2230.0,2235.0,0,0.14591278,0
chb03_17.edf,3535.0,3540.0,0,0.15154341,0
chb03_16.edf,730.0,735.0,0,0.15533698,0
chb03_16.edf,2950.0,2955.0,0,0.14750421,0
chb03_34.edf,3010.0,3015.0,0,0.15055768,0
chb03_36.edf,2710.0,2715.0,0,0.22479446,0
chb03_15.edf,2155.0,2160.0,0,0.15866679,0
chb03_34.edf,2670.0,2675.0,0,0.141374,0
chb03_15.edf,1805.0,1810.0,0,0.15713762,0
chb03_01.edf,3390.0,3395.0,0,0.15971066,0
chb03_17.edf,3180.0,3185.0,0,0.14108624,0
chb03_16.edf,1030.0,1035.0,0,0.14883769,0
chb03_34.edf,2505.0,2510.0,0,0.16514252,0
chb03_17.edf,1515.0,1520.0,0,0.14898336,0
chb03_34.edf,1530.0,1535.0,0,0.15506785,0
chb03_01.edf,2515.0,2520.0,0,0.16241309,0
chb03_35.edf,2095.0,2100.0,0,0.17189145,0
chb03_17.edf,2785.0,2790.0,0,0.14410773,0
chb03_35.edf,2580.0,2585.0,0,0.15255977,0
chb03_01.edf,705.0,710.0,0,0.16032387,0
chb03_34.edf,3380.0,3385.0,0,0.15551564,0
chb03_15.edf,305.0,310.0,0,0.15511872,0
chb03_15.edf,1540.0,1545.0,0,0.15998758,0
chb03_34.edf,2195.0,2200.0,0,0.42505893,0
chb03_15.edf,3400.0,3405.0,0,0.1595609,0
chb03_01.edf,1760.0,1765.0,0,0.3938597,0
chb03_35.edf,2925.0,2930.0,0,0.37471917,0
chb03_16.edf,3060.0,3065.0,0,0.28360936,0
chb03_36.edf,465.0,470.0,0,0.13857716,0
chb03_35.edf,635.0,640.0,0,0.15341502,0
chb03_34.edf,2650.0,2655.0,0,0.14374897,0
chb03_16.edf,1875.0,1880.0,0,0.14802761,0
chb03_35.edf,1005.0,1010.0,0,0.13910016,0
chb03_35.edf,1550.0,1555.0,0,0.13974018,0
chb03_34.edf,585.0,590.0,0,0.13739952,0
chb03_34.edf,2350.0,2355.0,0,0.4098894,0
chb03_34.edf,25.0,30.0,0,0.3880652,0
chb03_36.edf,895.0,900.0,0,0.13581376,0
chb03_17.edf,3575.0,3580.0,0,0.15722583,0
chb03_15.edf,1890.0,1895.0,0,0.16028297,0
chb03_16.edf,2715.0,2720.0,0,0.15038194,0
chb03_15.edf,3375.0,3380.0,0,0.17038018,0
chb03_01.edf,770.0,775.0,0,0.1589963,0
chb03_17.edf,1695.0,1700.0,0,0.13524896,0
chb03_35.edf,2640.0,2645.0,1,0.6994383,1
chb03_01.edf,1740.0,1745.0,0,0.21567938,0
chb03_17.edf,70.0,75.0,0,0.1279627,0
chb03_34.edf,3255.0,3260.0,0,0.14622845,0
chb03_34.edf,1855.0,1860.0,0,0.26360115,0
chb03_36.edf,3330.0,3335.0,0,0.14474887,0
chb03_35.edf,3535.0,3540.0,0,0.15436752,0
chb03_35.edf,2875.0,2880.0,0,0.39646077,0
chb03_16.edf,1040.0,1045.0,0,0.15847287,0
chb03_01.edf,170.0,175.0,0,0.16387388,0
chb03_36.edf,1515.0,1520.0,0,0.14783174,0
chb03_34.edf,1560.0,1565.0,0,0.16568466,0
chb03_15.edf,2550.0,2555.0,0,0.15280518,0
chb03_01.edf,1060.0,1065.0,0,0.15930295,0
chb03_35.edf,1895.0,1900.0,0,0.15101357,0
chb03_15.edf,700.0,705.0,0,0.16233726,0
chb03_16.edf,2855.0,2860.0,0,0.15640707,0
chb03_01.edf,640.0,645.0,0,0.17332046,0
chb03_01.edf,3095.0,3100.0,0,0.24851432,0
chb03_17.edf,2830.0,2835.0,0,0.17551464,0
chb03_34.edf,2235.0,2240.0,0,0.16944413,0
chb03_15.edf,3170.0,3175.0,0,0.16307272,0
chb03_17.edf,1255.0,1260.0,0,0.5679657,1
chb03_01.edf,2605.0,2610.0,0,0.15759835,0
chb03_15.edf,1315.0,1320.0,0,0.15979956,0
chb03_17.edf,25.0,30.0,0,0.15560508,0
chb03_35.edf,2165.0,2170.0,0,0.24635348,0
chb03_01.edf,785.0,790.0,0,0.20406362,0
chb03_36.edf,3555.0,3560.0,0,0.1458657,0
chb03_16.edf,850.0,855.0,0,0.16123703,0
chb03_35.edf,725.0,730.0,0,0.14787425,0
chb03_01.edf,15.0,20.0,0,0.16157998,0
chb03_36.edf,385.0,390.0,0,0.14227164,0
chb03_35.edf,960.0,965.0,0,0.14358303,0
chb03_36.edf,1135.0,1140.0,0,0.14667593,0
chb03_34.edf,365.0,370.0,0,0.14169636,0
chb03_17.edf,2570.0,2575.0,0,0.12945917,0
chb03_34.edf,1550.0,1555.0,0,0.14844477,0
chb03_15.edf,2290.0,2295.0,0,0.14951962,0
chb03_16.edf,1265.0,1270.0,0,0.1614388,0
chb03_35.edf,2985.0,2990.0,0,0.14550066,0
chb03_17.edf,905.0,910.0,0,0.15106301,0
chb03_35.edf,2945.0,2950.0,0,0.13090977,0
chb03_01.edf,2675.0,2680.0,0,0.16390035,0
chb03_36.edf,2340.0,2345.0,0,0.1318833,0
chb03_36.edf,1895.0,1900.0,0,0.12598623,0
chb03_15.edf,585.0,590.0,0,0.1478322,0
chb03_35.edf,35.0,40.0,0,0.14740273,0
chb03_34.edf,350.0,355.0,0,0.14774507,0
chb03_34.edf,455.0,460.0,0,0.14649273,0
chb03_34.edf,975.0,980.0,0,0.14647755,0
chb03_36.edf,3495.0,3500.0,0,0.14710158,0
chb03_34.edf,3085.0,3090.0,0,0.14924875,0
chb03_34.edf,165.0,170.0,0,0.13873178,0
chb03_35.edf,675.0,680.0,0,0.14421366,0
chb03_01.edf,2885.0,2890.0,0,0.15315066,0
chb03_16.edf,3260.0,3265.0,0,0.14892699,0
chb03_01.edf,1265.0,1270.0,0,0.20880473,0
chb03_34.edf,555.0,560.0,0,0.14927399,0
chb03_35.edf,2220.0,2225.0,0,0.4497026,0
chb03_34.edf,2955.0,2960.0,0,0.14381294,0
chb03_17.edf,2000.0,2005.0,0,0.15162611,0
chb03_15.edf,225.0,230.0,0,0.1570131,0
chb03_16.edf,1020.0,1025.0,0,0.16451715,0
chb03_01.edf,2390.0,2395.0,0,0.15822451,0
chb03_36.edf,1355.0,1360.0,0,0.13461636,0
chb03_15.edf,965.0,970.0,0,0.16534008,0
chb03_01.edf,2865.0,2870.0,0,0.15641274,0
chb03_36.edf,415.0,420.0,0,0.14671972,0
chb03_16.edf,885.0,890.0,0,0.15874767,0
chb03_15.edf,1380.0,1385.0,0,0.16882592,0
chb03_35.edf,3225.0,3230.0,0,0.15968984,0
chb03_15.edf,1230.0,1235.0,0,0.16358443,0
chb03_15.edf,2060.0,2065.0,0,0.15274282,0
chb03_16.edf,1090.0,1095.0,0,0.15993047,0
chb03_15.edf,1140.0,1145.0,0,0.16690554,0
chb03_36.edf,410.0,415.0,0,0.14849697,0
chb03_01.edf,2870.0,2875.0,0,0.15570576,0
chb03_36.edf,520.0,525.0,0,0.1451287,0
chb03_15.edf,1055.0,1060.0,0,0.16109647,0
chb03_17.edf,230.0,235.0,0,0.14536582,0
chb03_16.edf,705.0,710.0,0,0.16446517,0
chb03_15.edf,1135.0,1140.0,0,0.16297217,0
chb03_17.edf,270.0,275.0,0,0.3437584,0
chb03_01.edf,685.0,690.0,0,0.18692718,0
chb03_35.edf,3150.0,3155.0,0,0.17119619,0
chb03_15.edf,760.0,765.0,0,0.15184732,0
chb03_35.edf,610.0,615.0,0,0.15022191,0
chb03_15.edf,2230.0,2235.0,0,0.15591864,0
chb03_17.edf,2775.0,2780.0,0,0.20752452,0
chb03_35.edf,1515.0,1520.0,0,0.19751312,0
chb03_36.edf,2765.0,2770.0,0,0.14913063,0
chb03_36.edf,3075.0,3080.0,0,0.1481294,0
chb03_34.edf,2440.0,2445.0,0,0.12576006,0
chb03_35.edf,845.0,850.0,0,0.13755491,0
chb03_16.edf,2395.0,2400.0,0,0.26396832,0
chb03_34.edf,2115.0,2120.0,0,0.57739925,1
chb03_17.edf,220.0,225.0,0,0.14744459,0
chb03_35.edf,3190.0,3195.0,0,0.144015,0
chb03_17.edf,2220.0,2225.0,0,0.16619617,0
chb03_17.edf,3005.0,3010.0,0,0.17691574,0
chb03_34.edf,30.0,35.0,0,0.24648279,0
chb03_36.edf,1725.0,1730.0,1,0.544276,1
chb03_34.edf,670.0,675.0,0,0.14071198,0
chb03_34.edf,2055.0,2060.0,0,0.54223526,1
chb03_16.edf,3165.0,3170.0,0,0.14404882,0
chb03_17.edf,2330.0,2335.0,0,0.14171404,0
chb03_34.edf,3235.0,3240.0,0,0.14660697,0
chb03_17.edf,1225.0,1230.0,0,0.3689737,0
chb03_17.edf,1150.0,1155.0,0,0.14222251,0
chb03_16.edf,1980.0,1985.0,0,0.14791037,0
chb03_35.edf,3285.0,3290.0,0,0.1542369,0
chb03_15.edf,3115.0,3120.0,0,0.1663837,0
chb03_36.edf,1060.0,1065.0,0,0.13482313,0
chb03_36.edf,975.0,980.0,0,0.40456647,0
chb03_35.edf,1345.0,1350.0,0,0.1422004,0
chb03_34.edf,3275.0,3280.0,0,0.14895985,0
chb03_15.edf,100.0,105.0,0,0.15443338,0
chb03_36.edf,3345.0,3350.0,0,0.14985698,0
chb03_34.edf,2375.0,2380.0,0,0.48892713,1
chb03_01.edf,1215.0,1220.0,0,0.14995591,0
chb03_36.edf,1385.0,1390.0,0,0.13568382,0
chb03_36.edf,1370.0,1375.0,0,0.15113316,0
chb03_17.edf,1890.0,1895.0,0,0.2401312,0
chb03_15.edf,1360.0,1365.0,0,0.16843021,0
chb03_17.edf,2815.0,2820.0,0,0.14184095,0
chb03_16.edf,2515.0,2520.0,0,0.16408297,0
chb03_35.edf,2355.0,2360.0,0,0.41623518,0
chb03_15.edf,2720.0,2725.0,0,0.15328667,0
chb03_16.edf,2000.0,2005.0,0,0.14946486,0
chb03_16.edf,1095.0,1100.0,0,0.160517,0
chb03_35.edf,2730.0,2735.0,0,0.32201058,0
chb03_34.edf,755.0,760.0,0,0.13956937,0
chb03_16.edf,3505.0,3510.0,0,0.14682014,0
chb03_01.edf,1475.0,1480.0,0,0.1602918,0
chb03_36.edf,3450.0,3455.0,0,0.1519673,0
chb03_35.edf,1695.0,1700.0,0,0.14598538,0
chb03_17.edf,3390.0,3395.0,0,0.20000567,0
chb03_01.edf,1480.0,1485.0,0,0.14553988,0
chb03_15.edf,75.0,80.0,0,0.1509386,0
chb03_34.edf,480.0,485.0,0,0.1417096,0
chb03_16.edf,255.0,260.0,0,0.16436368,0
chb03_34.edf,1735.0,1740.0,0,0.13528483,0
chb03_15.edf,2195.0,2200.0,0,0.15150303,0
chb03_36.edf,100.0,105.0,0,0.138395,0
chb03_34.edf,2945.0,2950.0,0,0.15251349,0
chb03_17.edf,235.0,240.0,0,0.15591428,0
chb03_34.edf,770.0,775.0,0,0.14896132,0
chb03_34.edf,470.0,475.0,0,0.14964326,0
chb03_15.edf,3505.0,3510.0,0,0.17249537,0
chb03_35.edf,2435.0,2440.0,0,0.13858262,0
chb03_16.edf,2035.0,2040.0,0,0.15483768,0
chb03_17.edf,340.0,345.0,0,0.14626284,0
chb03_16.edf,1825.0,1830.0,0,0.15298747,0
chb03_35.edf,805.0,810.0,0,0.14958572,0
chb03_35.edf,850.0,855.0,0,0.14643951,0
chb03_17.edf,2055.0,2060.0,0,0.24344793,0
chb03_36.edf,2735.0,2740.0,0,0.14149944,0
chb03_34.edf,3095.0,3100.0,0,0.14607506,0
chb03_35.edf,3125.0,3130.0,0,0.13922726,0
chb03_17.edf,2645.0,2650.0,0,0.28853548,0
chb03_15.edf,2165.0,2170.0,0,0.15671752,0
chb03_36.edf,2225.0,2230.0,0,0.13776313,0
chb03_34.edf,425.0,430.0,0,0.14455447,0
chb03_15.edf,3030.0,3035.0,0,0.16232641,0
chb03_35.edf,1580.0,1585.0,0,0.1300614,0
chb03_01.edf,1930.0,1935.0,0,0.18984017,0
chb03_35.edf,1115.0,1120.0,0,0.13467506,0
chb03_35.edf,2770.0,2775.0,0,0.190738,0
chb03_16.edf,735.0,740.0,0,0.16105981,0
chb03_15.edf,730.0,735.0,0,0.16542861,0
chb03_35.edf,2480.0,2485.0,0,0.44326764,0
chb03_17.edf,1680.0,1685.0,0,0.1469919,0
chb03_34.edf,825.0,830.0,0,0.14413826,0
chb03_15.edf,3380.0,3385.0,0,0.16949114,0
chb03_36.edf,320.0,325.0,0,0.13725299,0
chb03_36.edf,1055.0,1060.0,0,0.1379578,0
chb03_15.edf,1225.0,1230.0,0,0.16478369,0
chb03_35.edf,2525.0,2530.0,0,0.13564336,0
chb03_35.edf,2200.0,2205.0,0,0.44954294,0
chb03_17.edf,2960.0,2965.0,0,0.16166088,0
chb03_36.edf,3155.0,3160.0,0,0.14661497,0
chb03_15.edf,380.0,385.0,0,0.15088414,0
chb03_15.edf,1290.0,1295.0,0,0.16625874,0
chb03_15.edf,595.0,600.0,0,0.15024687,0
chb03_34.edf,2435.0,2440.0,0,0.13513681,0
chb03_34.edf,2590.0,2595.0,0,0.15007311,0
chb03_17.edf,20.0,25.0,0,0.15752998,0
chb03_15.edf,840.0,845.0,0,0.16566223,0
chb03_15.edf,535.0,540.0,0,0.14895424,0
chb03_16.edf,165.0,170.0,0,0.16286412,0
chb03_01.edf,3350.0,3355.0,0,0.1700799,0
chb03_36.edf,1810.0,1815.0,0,0.5541918,1
chb03_01.edf,2615.0,2620.0,0,0.15928589,0
chb03_01.edf,3245.0,3250.0,0,0.17199853,0
chb03_15.edf,810.0,815.0,0,0.16579622,0
chb03_16.edf,330.0,335.0,0,0.16619325,0
chb03_34.edf,1215.0,1220.0,0,0.15198503,0
chb03_36.edf,3370.0,3375.0,0,0.14704157,0
chb03_34.edf,2560.0,2565.0,0,0.12290473,0
chb03_17.edf,3165.0,3170.0,0,0.14852221,0
chb03_16.edf,3170.0,3175.0,0,0.16265161,0
chb03_35.edf,130.0,135.0,0,0.15064223,0
chb03_35.edf,50.0,55.0,0,0.14802964,0
chb03_36.edf,970.0,975.0,0,0.122093804,0
chb03_16.edf,3275.0,3280.0,0,0.14876284,0
chb03_17.edf,2890.0,2895.0,0,0.1503528,0
chb03_17.edf,1015.0,1020.0,0,0.16056643,0
chb03_35.edf,3135.0,3140.0,0,0.15498702,0
chb03_17.edf,2940.0,2945.0,0,0.15949947,0
chb03_16.edf,1105.0,1110.0,0,0.1591798,0
chb03_36.edf,350.0,355.0,0,0.2609137,0
chb03_15.edf,1415.0,1420.0,0,0.16245103,0
chb03_34.edf,1260.0,1265.0,0,0.16716695,0
chb03_34.edf,2965.0,2970.0,0,0.1505675,0
chb03_34.edf,1125.0,1130.0,0,0.14762315,0
chb03_35.edf,2980.0,2985.0,0,0.13316914,0
chb03_36.edf,2880.0,2885.0,0,0.1568153,0
chb03_16.edf,2340.0,2345.0,0,0.15194659,0
chb03_34.edf,1845.0,1850.0,0,0.1345132,0
chb03_16.edf,520.0,525.0,0,0.15027647,0
chb03_15.edf,45.0,50.0,0,0.15720615,0
chb03_36.edf,10.0,15.0,0,0.27053085,0
chb03_36.edf,2940.0,2945.0,0,0.1426375,0
chb03_17.edf,1955.0,1960.0,0,0.25551787,0
chb03_16.edf,1650.0,1655.0,0,0.15410201,0
chb03_01.edf,1565.0,1570.0,0,0.22356498,0
chb03_16.edf,3270.0,3275.0,0,0.14569809,0
chb03_15.edf,335.0,340.0,0,0.14332867,0
chb03_16.edf,790.0,795.0,0,0.16501391,0
chb03_35.edf,2865.0,2870.0,0,0.25239858,0
chb03_17.edf,950.0,955.0,0,0.16472745,0
chb03_15.edf,1770.0,1775.0,0,0.14925699,0
chb03_35.edf,1245.0,1250.0,0,0.14510643,0
chb03_36.edf,1950.0,1955.0,0,0.13784476,0
chb03_15.edf,2235.0,2240.0,0,0.16082339,0
chb03_36.edf,2310.0,2315.0,0,0.25502294,0
chb03_01.edf,2010.0,2015.0,0,0.17654105,0
chb03_16.edf,2995.0,3000.0,0,0.45962527,1
chb03_17.edf,1195.0,1200.0,0,0.16820431,0
chb03_35.edf,1380.0,1385.0,0,0.1452798,0
chb03_35.edf,2910.0,2915.0,0,0.15647526,0
chb03_34.edf,2450.0,2455.0,0,0.13284993,0
chb03_16.edf,1915.0,1920.0,0,0.14822537,0
chb03_17.edf,1665.0,1670.0,0,0.19903974,0
chb03_34.edf,3375.0,3380.0,0,0.14393574,0
chb03_17.edf,2965.0,2970.0,0,0.24321932,0
chb03_01.edf,1260.0,1265.0,0,0.13016586,0
chb03_17.edf,2245.0,2250.0,0,0.16402096,0
chb03_16.edf,2300.0,2305.0,0,0.21438418,0
chb03_17.edf,930.0,935.0,0,0.14691903,0
chb03_35.edf,2975.0,2980.0,0,0.12865521,0
chb03_35.edf,2465.0,2470.0,0,0.15493181,0
chb03_16.edf,285.0,290.0,0,0.16737056,0
chb03_16.edf,1530.0,1535.0,0,0.1619383,0
chb03_34.edf,2160.0,2165.0,0,0.28992355,0
chb03_01.edf,310.0,315.0,0,0.14748865,0
chb03_15.edf,835.0,840.0,0,0.1658945,0
chb03_16.edf,3055.0,3060.0,0,0.15003353,0
chb03_36.edf,2855.0,2860.0,0,0.16725221,0
chb03_01.edf,3410.0,3415.0,0,0.15631352,0
chb03_36.edf,1770.0,1775.0,1,0.55773675,1
chb03_34.edf,2595.0,2600.0,0,0.14348677,0
chb03_34.edf,330.0,335.0,0,0.14662403,0
chb03_36.edf,1075.0,1080.0,0,0.15076442,0
chb03_34.edf,1380.0,1385.0,0,0.1575428,0
chb03_17.edf,3080.0,3085.0,0,0.15188324,0
chb03_34.edf,2830.0,2835.0,0,0.14644636,0
chb03_16.edf,1295.0,1300.0,0,0.14798075,0
chb03_16.edf,960.0,965.0,0,0.16371459,0
chb03_36.edf,210.0,215.0,0,0.14221779,0
chb03_16.edf,575.0,580.0,0,0.15466973,0
chb03_36.edf,160.0,165.0,0,0.18632081,0
chb03_17.edf,3255.0,3260.0,0,0.13286407,0
chb03_35.edf,3045.0,3050.0,0,0.13192853,0
chb03_17.edf,1825.0,1830.0,0,0.16828983,0
chb03_15.edf,1210.0,1215.0,0,0.16596904,0
chb03_34.edf,1885.0,1890.0,0,0.14076777,0
chb03_17.edf,1885.0,1890.0,0,0.17895578,0
chb03_17.edf,2235.0,2240.0,0,0.19215167,0
chb03_17.edf,2640.0,2645.0,0,0.15204309,0
chb03_01.edf,3055.0,3060.0,0,0.15159386,0
chb03_15.edf,3250.0,3255.0,0,0.16504075,0
chb03_35.edf,40.0,45.0,0,0.14945447,0
chb03_17.edf,740.0,745.0,0,0.16978271,0
chb03_35.edf,3050.0,3055.0,0,0.14140852,0
chb03_01.edf,120.0,125.0,0,0.16230482,0
chb03_17.edf,30.0,35.0,0,0.15080132,0
chb03_17.edf,3140.0,3145.0,0,0.17781712,0
chb03_36.edf,2645.0,2650.0,0,0.28287998,0
chb03_17.edf,3135.0,3140.0,0,0.14703274,0
chb03_15.edf,690.0,695.0,0,0.27914506,0
chb03_17.edf,595.0,600.0,0,0.134851,0
chb03_01.edf,1300.0,1305.0,0,0.17741233,0
chb03_16.edf,1205.0,1210.0,0,0.16177273,0
chb03_17.edf,1490.0,1495.0,0,0.15393385,0
chb03_17.edf,1110.0,1115.0,0,0.24332105,0
chb03_36.edf,765.0,770.0,0,0.3842401,0
chb03_34.edf,1375.0,1380.0,0,0.1367397,0
chb03_34.edf,720.0,725.0,0,0.14912014,0
chb03_15.edf,1995.0,2000.0,0,0.1606817,0
chb03_34.edf,2495.0,2500.0,0,0.1781723,0
chb03_17.edf,3200.0,3205.0,0,0.14994174,0
chb03_17.edf,1605.0,1610.0,0,0.18743329,0
chb03_15.edf,1775.0,1780.0,0,0.14932203,0
chb03_15.edf,1050.0,1055.0,0,0.16398855,0
chb03_15.edf,850.0,855.0,0,0.16738452,0
chb03_01.edf,2670.0,2675.0,0,0.15198255,0
chb03_36.edf,1395.0,1400.0,0,0.13917653,0
chb03_36.edf,3210.0,3215.0,0,0.1570871,0
chb03_16.edf,2520.0,2525.0,0,0.39296874,0
chb03_35.edf,2780.0,2785.0,0,0.15473591,0
chb03_17.edf,2445.0,2450.0,0,0.14667264,0
chb03_17.edf,1810.0,1815.0,0,0.18086796,0
chb03_35.edf,1015.0,1020.0,0,0.14012738,0
chb03_15.edf,775.0,780.0,0,0.15998137,0
chb03_34.edf,1590.0,1595.0,0,0.13917877,0
chb03_35.edf,2340.0,2345.0,0,0.14164111,0
chb03_01.edf,1175.0,1180.0,0,0.14492688,0
chb03_36.edf,305.0,310.0,0,0.14859056,0
chb03_17.edf,1360.0,1365.0,0,0.1577764,0
chb03_36.edf,250.0,255.0,0,0.14969641,0
chb03_01.edf,740.0,745.0,0,0.1299705,0
chb03_34.edf,1225.0,1230.0,0,0.15824075,0
chb03_35.edf,945.0,950.0,0,0.1281273,0
chb03_15.edf,3430.0,3435.0,0,0.1666796,0
chb03_17.edf,3185.0,3190.0,0,0.14634953,0
chb03_01.edf,1365.0,1370.0,0,0.15164275,0
chb03_34.edf,2000.0,2005.0,1,0.57986015,1
chb03_35.edf,565.0,570.0,0,0.1649344,0
chb03_36.edf,2490.0,2495.0,0,0.14501399,0
chb03_34.edf,2140.0,2145.0,0,0.23145531,0
chb03_15.edf,3285.0,3290.0,0,0.16294338,0
chb03_01.edf,3030.0,3035.0,0,0.16280471,0
chb03_15.edf,2835.0,2840.0,0,0.16456372,0
chb03_01.edf,400.0,405.0,1,0.66712695,1
chb03_17.edf,2095.0,2100.0,0,0.21250187,0
chb03_16.edf,3545.0,3550.0,0,0.14060594,0
chb03_35.edf,345.0,350.0,0,0.14644106,0
chb03_36.edf,3325.0,3330.0,0,0.15268373,0
chb03_16.edf,2845.0,2850.0,0,0.16942348,0
chb03_16.edf,3000.0,3005.0,0,0.14610718,0
chb03_34.edf,410.0,415.0,0,0.15025869,0
chb03_15.edf,2990.0,2995.0,0,0.16820014,0
chb03_34.edf,1905.0,1910.0,0,0.21647418,0
chb03_01.edf,1655.0,1660.0,0,0.17713995,0
chb03_36.edf,2570.0,2575.0,0,0.13564426,0
chb03_36.edf,325.0,330.0,0,0.5464857,1
chb03_36.edf,2530.0,2535.0,0,0.14518367,0
chb03_15.edf,70.0,75.0,0,0.14844964,0
chb03_16.edf,3175.0,3180.0,0,0.19495301,0
chb03_17.edf,660.0,665.0,0,0.13904943,0
chb03_34.edf,1785.0,1790.0,0,0.13480695,0
chb03_36.edf,445.0,450.0,0,0.14460714,0
chb03_17.edf,50.0,55.0,0,0.1698533,0
chb03_16.edf,2130.0,2135.0,0,0.20306593,0
chb03_01.edf,1040.0,1045.0,0,0.1751594,0
chb03_17.edf,2350.0,2355.0,0,0.15201291,0
chb03_17.edf,3325.0,3330.0,0,0.14256136,0
chb03_16.edf,1485.0,1490.0,0,0.14982498,0
chb03_01.edf,2680.0,2685.0,0,0.1587813,0
chb03_36.edf,3040.0,3045.0,0,0.14575884,0
chb03_01.edf,45.0,50.0,0,0.15574469,0
chb03_35.edf,355.0,360.0,0,0.15613979,0
chb03_35.edf,810.0,815.0,0,0.14181691,0
chb03_34.edf,1020.0,1025.0,0,0.14286926,0
chb03_36.edf,1875.0,1880.0,0,0.2520983,0
chb03_01.edf,80.0,85.0,0,0.14948104,0
chb03_34.edf,3285.0,3290.0,0,0.14426844,0
chb03_16.edf,565.0,570.0,0,0.16029404,0
chb03_01.edf,3550.0,3555.0,0,0.1582892,0
chb03_01.edf,2330.0,2335.0,0,0.15929632,0
chb03_15.edf,3080.0,3085.0,0,0.17028347,0
chb03_01.edf,1180.0,1185.0,0,0.15513864,0
chb03_17.edf,1545.0,1550.0,0,0.20745875,0
chb03_16.edf,1180.0,1185.0,0,0.15191332,0
chb03_17.edf,285.0,290.0,0,0.14856997,0
chb03_34.edf,20.0,25.0,0,0.15662831,0
chb03_34.edf,2885.0,2890.0,0,0.14576113,0
chb03_15.edf,1755.0,1760.0,0,0.15508819,0
chb03_34.edf,1285.0,1290.0,0,0.14232405,0
chb03_36.edf,3565.0,3570.0,0,0.14771487,0
chb03_17.edf,2720.0,2725.0,0,0.15020321,0
chb03_01.edf,855.0,860.0,0,0.26086313,0
chb03_35.edf,25.0,30.0,0,0.1489588,0
chb03_15.edf,5.0,10.0,0,0.15864997,0
chb03_34.edf,1040.0,1045.0,0,0.13477217,0
chb03_16.edf,1300.0,1305.0,0,0.15630984,0
chb03_34.edf,1950.0,1955.0,0,0.5611559,1
chb03_01.edf,1730.0,1735.0,0,0.17148061,0
chb03_01.edf,1330.0,1335.0,0,0.17390768,0
chb03_15.edf,2200.0,2205.0,0,0.15153077,0
chb03_34.edf,860.0,865.0,0,0.31749836,0
chb03_34.edf,180.0,185.0,0,0.13436869,0
chb03_36.edf,1425.0,1430.0,0,0.14685848,0
chb03_35.edf,2235.0,2240.0,0,0.5707464,1
chb03_16.edf,2660.0,2665.0,0,0.21117306,0
chb03_15.edf,2740.0,2745.0,0,0.15375659,0
chb03_34.edf,3390.0,3395.0,0,0.14987457,0
chb03_34.edf,270.0,275.0,0,0.1491142,0
chb03_35.edf,3120.0,3125.0,0,0.14098486,0
chb03_34.edf,340.0,345.0,0,0.15256734,0
chb03_15.edf,25.0,30.0,0,0.15231486,0
chb03_15.edf,1420.0,1425.0,0,0.16371049,0
chb03_36.edf,3520.0,3525.0,0,0.15593746,0
chb03_34.edf,3260.0,3265.0,0,0.14142403,0
chb03_35.edf,3440.0,3445.0,0,0.1447981,0
chb03_36.edf,3110.0,3115.0,0,0.15417288,0
chb03_01.edf,635.0,640.0,0,0.15164548,0
chb03_16.edf,2585.0,2590.0,0,0.14497909,0
chb03_36.edf,730.0,735.0,0,0.14402586,0
chb03_35.edf,265.0,270.0,0,0.15668422,0
chb03_01.edf,1980.0,1985.0,0,0.18696132,0
chb03_36.edf,1170.0,1175.0,0,0.3418429,0
chb03_01.edf,440.0,445.0,0,0.2804073,0
chb03_17.edf,575.0,580.0,0,0.17127773,0
chb03_34.edf,465.0,470.0,0,0.1401276,0
chb03_01.edf,2195.0,2200.0,0,0.15413973,0
chb03_01.edf,3360.0,3365.0,0,0.13735375,0
chb03_16.edf,1255.0,1260.0,0,0.157135,0
chb03_16.edf,3215.0,3220.0,0,0.15696524,0
chb03_34.edf,1015.0,1020.0,0,0.14616638,0
chb03_15.edf,260.0,265.0,0,0.15182339,0
chb03_34.edf,1770.0,1775.0,0,0.13417062,0
chb03_36.edf,1205.0,1210.0,0,0.14648926,0
chb03_36.edf,860.0,865.0,0,0.13415952,0
chb03_16.edf,2770.0,2775.0,0,0.16115922,0
chb03_16.edf,1985.0,1990.0,0,0.14757048,0
chb03_36.edf,3265.0,3270.0,0,0.1472851,0
chb03_15.edf,2700.0,2705.0,0,0.14610632,0
chb03_36.edf,85.0,90.0,0,0.14477272,0
chb03_15.edf,480.0,485.0,0,0.14870499,0
chb03_35.edf,910.0,915.0,0,0.14697427,0
chb03_17.edf,2060.0,2065.0,0,0.2180474,0
chb03_01.edf,1000.0,1005.0,0,0.20584984,0
chb03_17.edf,1085.0,1090.0,0,0.57967836,1
chb03_35.edf,315.0,320.0,0,0.14653876,0
chb03_17.edf,1240.0,1245.0,0,0.2064946,0
chb03_34.edf,955.0,960.0,0,0.41691872,0
chb03_01.edf,3230.0,3235.0,0,0.12830971,0
chb03_16.edf,2150.0,2155.0,0,0.19711576,0
chb03_36.edf,1795.0,1800.0,0,0.38440135,0
chb03_34.edf,945.0,950.0,0,0.18383582,0
chb03_16.edf,2740.0,2745.0,0,0.1626884,0
chb03_35.edf,2415.0,2420.0,0,0.1315173,0
chb03_16.edf,3070.0,3075.0,0,0.18835196,0
chb03_01.edf,1995.0,2000.0,0,0.1483204,0
chb03_01.edf,2440.0,2445.0,0,0.16226815,0
chb03_17.edf,1125.0,1130.0,0,0.26626495,0
chb03_01.edf,3070.0,3075.0,0,0.13937908,0
chb03_16.edf,2705.0,2710.0,0,0.4293602,0
chb03_35.edf,2275.0,2280.0,0,0.14652635,0
chb03_01.edf,545.0,550.0,0,0.16138977,0
chb03_16.edf,2260.0,2265.0,0,0.2279575,0
chb03_35.edf,15.0,20.0,0,0.1479918,0
chb03_01.edf,1875.0,1880.0,0,0.14757513,0
chb03_17.edf,2995.0,3000.0,0,0.1522302,0
chb03_01.edf,1020.0,1025.0,0,0.17585443,0
chb03_17.edf,1715.0,1720.0,0,0.22078106,0
chb03_34.edf,2925.0,2930.0,0,0.14425837,0
chb03_35.edf,1220.0,1225.0,0,0.15890908,0
chb03_01.edf,625.0,630.0,0,0.17667934,0
chb03_16.edf,1670.0,1675.0,0,0.15319648,0
chb03_16.edf,1345.0,1350.0,0,0.16084445,0
chb03_16.edf,2125.0,2130.0,0,0.19376558,0
chb03_16.edf,3390.0,3395.0,0,0.20063767,0
chb03_35.edf,1330.0,1335.0,0,0.25373957,0
chb03_17.edf,2085.0,2090.0,0,0.1831511,0
chb03_15.edf,2675.0,2680.0,0,0.14928639,0
chb03_34.edf,3585.0,3590.0,0,0.14455055,0
chb03_36.edf,3340.0,3345.0,0,0.1594198,0
chb03_01.edf,1780.0,1785.0,0,0.15077718,0
chb03_01.edf,680.0,685.0,0,0.13715062,0
chb03_17.edf,770.0,775.0,0,0.2772665,0
chb03_34.edf,1135.0,1140.0,0,0.15662105,0
chb03_15.edf,1215.0,1220.0,0,0.1620124,0
chb03_34.edf,3335.0,3340.0,0,0.13917026,0
chb03_17.edf,900.0,905.0,0,0.14029501,0
chb03_15.edf,2840.0,2845.0,0,0.16063763,0
chb03_16.edf,3570.0,3575.0,0,0.16243556,0
chb03_16.edf,3110.0,3115.0,0,0.18309535,0
chb03_35.edf,3070.0,3075.0,0,0.14541194,0
chb03_01.edf,2550.0,2555.0,0,0.16047342,0
chb03_17.edf,3300.0,3305.0,0,0.13354166,0
chb03_16.edf,1060.0,1065.0,0,0.15500629,0
chb03_35.edf,860.0,865.0,0,0.12799966,0
chb03_34.edf,35.0,40.0,0,0.46748057,1
chb03_34.edf,1460.0,1465.0,0,0.17910089,0
chb03_36.edf,1230.0,1235.0,0,0.12543258,0
chb03_36.edf,2775.0,2780.0,0,0.4239488,0
chb03_36.edf,2290.0,2295.0,0,0.13749644,0
chb03_36.edf,2065.0,2070.0,0,0.15593283,0
chb03_15.edf,120.0,125.0,0,0.15068859,0
chb03_15.edf,3275.0,3280.0,0,0.16385596,0
chb03_01.edf,20.0,25.0,0,0.15422304,0
chb03_16.edf,890.0,895.0,0,0.16091599,0
chb03_15.edf,3200.0,3205.0,0,0.16660647,0
chb03_34.edf,830.0,835.0,0,0.1435194,0
chb03_35.edf,2905.0,2910.0,0,0.12641107,0
chb03_16.edf,3190.0,3195.0,0,0.18307441,0
chb03_01.edf,1230.0,1235.0,0,0.18401729,0
chb03_35.edf,2855.0,2860.0,0,0.58473176,1
chb03_01.edf,825.0,830.0,0,0.17979261,0
chb03_15.edf,955.0,960.0,0,0.16376658,0
chb03_17.edf,295.0,300.0,0,0.17318119,0
chb03_35.edf,350.0,355.0,0,0.14818206,0
chb03_17.edf,985.0,990.0,0,0.58509606,1
chb03_16.edf,90.0,95.0,0,0.16133678,0
chb03_34.edf,3295.0,3300.0,0,0.1419607,0
chb03_01.edf,1005.0,1010.0,0,0.26322362,0
chb03_35.edf,310.0,315.0,0,0.15254839,0
chb03_36.edf,3030.0,3035.0,0,0.1410916,0
chb03_15.edf,2485.0,2490.0,0,0.16395701,0
chb03_34.edf,1435.0,1440.0,0,0.15241455,0
chb03_34.edf,2810.0,2815.0,0,0.15027583,0
chb03_34.edf,1035.0,1040.0,0,0.1407971,0
chb03_17.edf,2945.0,2950.0,0,0.1417697,0
chb03_15.edf,3440.0,3445.0,0,0.1652112,0
chb03_01.edf,1685.0,1690.0,0,0.19295341,0
chb03_34.edf,1295.0,1300.0,0,0.1376689,0
chb03_17.edf,2915.0,2920.0,0,0.15314552,0
chb03_16.edf,365.0,370.0,0,0.16591157,0
chb03_34.edf,1195.0,1200.0,0,0.14358287,0
chb03_16.edf,2055.0,2060.0,0,0.13881877,0
chb03_15.edf,1070.0,1075.0,0,0.16429216,0
chb03_36.edf,790.0,795.0,0,0.13272746,0
chb03_01.edf,2405.0,2410.0,0,0.16159324,0
chb03_35.edf,2885.0,2890.0,0,0.14123788,0
chb03_15.edf,270.0,275.0,0,0.15080032,0
chb03_17.edf,2400.0,2405.0,0,0.13751711,0
chb03_34.edf,2710.0,2715.0,0,0.14266032,0
chb03_36.edf,500.0,505.0,0,0.13564439,0
chb03_35.edf,695.0,700.0,0,0.14212297,0
chb03_36.edf,2505.0,2510.0,0,0.14245662,0
chb03_34.edf,3200.0,3205.0,0,0.13440944,0
chb03_15.edf,1785.0,1790.0,0,0.1609851,0
chb03_17.edf,290.0,295.0,0,0.2836251,0
chb03_15.edf,2210.0,2215.0,0,0.15145475,0
chb03_17.edf,1630.0,1635.0,0,0.19336551,0
chb03_16.edf,2005.0,2010.0,0,0.14649905,0
chb03_01.edf,2140.0,2145.0,0,0.14942735,0
chb03_16.edf,3145.0,3150.0,0,0.14474855,0
chb03_34.edf,3175.0,3180.0,0,0.14010938,0
chb03_34.edf,510.0,515.0,0,0.44091904,0
chb03_35.edf,3205.0,3210.0,0,0.14674677,0
chb03_15.edf,2415.0,2420.0,0,0.16332969,0
chb03_17.edf,545.0,550.0,0,0.14339103,0
chb03_15.edf,3225.0,3230.0,0,0.17133307,0
chb03_16.edf,1260.0,1265.0,0,0.1646809,0
chb03_34.edf,2695.0,2700.0,0,0.14363429,0
chb03_17.edf,3465.0,3470.0,0,0.30528474,0
chb03_34.edf,1275.0,1280.0,0,0.1440885,0
chb03_36.edf,1940.0,1945.0,0,0.13192174,0
chb03_16.edf,1185.0,1190.0,0,0.15495288,0
chb03_36.edf,1505.0,1510.0,0,0.13774791,0
chb03_35.edf,1890.0,1895.0,0,0.15264553,0
chb03_34.edf,500.0,505.0,0,0.4970193,1
chb03_01.edf,1320.0,1325.0,0,0.18035972,0
chb03_16.edf,990.0,995.0,0,0.16138193,0
chb03_35.edf,1385.0,1390.0,0,0.15934104,0
chb03_16.edf,1400.0,1405.0,0,0.16220756,0
chb03_16.edf,2865.0,2870.0,0,0.14520589,0
chb03_36.edf,2950.0,2955.0,0,0.15508784,0
chb03_17.edf,3220.0,3225.0,0,0.17749853,0
chb03_17.edf,1725.0,1730.0,0,0.16819045,0
chb03_01.edf,3495.0,3500.0,0,0.16506322,0
chb03_36.edf,2625.0,2630.0,0,0.17465013,0
chb03_17.edf,2675.0,2680.0,0,0.13654916,0
chb03_35.edf,870.0,875.0,0,0.13993363,0
chb03_34.edf,640.0,645.0,0,0.20535871,0
chb03_01.edf,3370.0,3375.0,0,0.16328333,0
chb03_35.edf,1085.0,1090.0,0,0.1325283,0
chb03_36.edf,400.0,405.0,0,0.14854452,0
chb03_36.edf,3360.0,3365.0,0,0.15666261,0
chb03_35.edf,1975.0,1980.0,0,0.1960031,0
chb03_15.edf,1845.0,1850.0,0,0.15737933,0
chb03_17.edf,1235.0,1240.0,0,0.15451507,0
chb03_36.edf,1955.0,1960.0,0,0.11953837,0
chb03_35.edf,515.0,520.0,0,0.14064461,0
chb03_36.edf,3395.0,3400.0,0,0.1584902,0
chb03_36.edf,240.0,245.0,0,0.1816303,0
chb03_35.edf,2680.0,2685.0,0,0.32452473,0
chb03_36.edf,2515.0,2520.0,0,0.15255778,0
chb03_35.edf,2265.0,2270.0,0,0.54293907,1
chb03_34.edf,3155.0,3160.0,0,0.14670391,0
chb03_16.edf,720.0,725.0,0,0.16851853,0
chb03_16.edf,500.0,505.0,0,0.16456448,0
chb03_15.edf,2915.0,2920.0,0,0.16794075,0
chb03_36.edf,1265.0,1270.0,0,0.14422189,0
chb03_36.edf,2110.0,2115.0,0,0.4711834,1
chb03_35.edf,3235.0,3240.0,0,0.13724138,0
chb03_15.edf,1520.0,1525.0,0,0.15944575,0
chb03_15.edf,1470.0,1475.0,0,0.16677544,0
chb03_15.edf,610.0,615.0,0,0.14465314,0
chb03_16.edf,3040.0,3045.0,0,0.14725214,0
chb03_34.edf,1105.0,1110.0,0,0.14556035,0
chb03_16.edf,510.0,515.0,0,0.157082,0
chb03_34.edf,1815.0,1820.0,0,0.1419731,0
chb03_34.edf,3105.0,3110.0,0,0.15190767,0
chb03_15.edf,2710.0,2715.0,0,0.16197246,0
chb03_17.edf,3310.0,3315.0,0,0.13483454,0
chb03_15.edf,2470.0,2475.0,0,0.1620165,0
chb03_17.edf,2745.0,2750.0,0,0.14177057,0
chb03_35.edf,2000.0,2005.0,0,0.15006356,0
chb03_34.edf,1170.0,1175.0,0,0.14284383,0
chb03_34.edf,3215.0,3220.0,0,0.15987283,0
chb03_15.edf,1240.0,1245.0,0,0.15738712,0
chb03_34.edf,1405.0,1410.0,0,0.1398085,0
chb03_34.edf,2565.0,2570.0,0,0.12011,0
chb03_01.edf,2030.0,2035.0,0,0.18629573,0
chb03_15.edf,40.0,45.0,0,0.15835695,0
chb03_36.edf,1040.0,1045.0,0,0.14469288,0
chb03_16.edf,3490.0,3495.0,0,0.1391525,0
chb03_35.edf,1745.0,1750.0,0,0.14960724,0
chb03_16.edf,2775.0,2780.0,0,0.12656014,0
chb03_01.edf,1865.0,1870.0,0,0.13917811,0
chb03_34.edf,700.0,705.0,0,0.15492313,0
chb03_17.edf,3515.0,3520.0,0,0.14413711,0
chb03_16.edf,1535.0,1540.0,0,0.15918095,0
chb03_34.edf,2570.0,2575.0,0,0.14880362,0
chb03_15.edf,310.0,315.0,0,0.152473,0
chb03_16.edf,3475.0,3480.0,0,0.14619617,0
chb03_16.edf,1660.0,1665.0,0,0.15231453,0
chb03_15.edf,1760.0,1765.0,0,0.15961422,0
chb03_36.edf,695.0,700.0,0,0.13672775,0
chb03_15.edf,445.0,450.0,0,0.15055546,0
chb03_17.edf,1790.0,1795.0,0,0.17380935,0
chb03_01.edf,2750.0,2755.0,0,0.15058658,0
chb03_36.edf,545.0,550.0,0,0.30681476,0
chb03_16.edf,2180.0,2185.0,0,0.1806559,0
chb03_34.edf,3530.0,3535.0,0,0.15990375,0
chb03_17.edf,1540.0,1545.0,0,0.19886667,0
chb03_17.edf,60.0,65.0,0,0.13946988,0
chb03_36.edf,2235.0,2240.0,0,0.16139151,0
chb03_16.edf,2745.0,2750.0,0,0.16373073,0
chb03_01.edf,3135.0,3140.0,0,0.2745933,0
chb03_16.edf,1895.0,1900.0,0,0.14825204,0
chb03_36.edf,1945.0,1950.0,0,0.4312895,0
chb03_34.edf,245.0,250.0,0,0.15079403,0
chb03_01.edf,2150.0,2155.0,0,0.17344049,0
chb03_35.edf,2130.0,2135.0,0,0.48449093,1
chb03_16.edf,2145.0,2150.0,0,0.15097207,0
chb03_16.edf,1045.0,1050.0,0,0.14896846,0
chb03_01.edf,3170.0,3175.0,0,0.16428846,0
chb03_01.edf,3385.0,3390.0,0,0.15254684,0
chb03_16.edf,3100.0,3105.0,0,0.363741,0
chb03_15.edf,2380.0,2385.0,0,0.16250655,0
chb03_01.edf,1840.0,1845.0,0,0.21154042,0
chb03_16.edf,2795.0,2800.0,0,0.18332233,0
chb03_15.edf,1840.0,1845.0,0,0.14917967,0
chb03_16.edf,2405.0,2410.0,0,0.16152397,0
chb03_01.edf,720.0,725.0,0,0.18407765,0
chb03_01.edf,275.0,280.0,0,0.14339425,0
chb03_15.edf,1405.0,1410.0,0,0.15779077,0
chb03_16.edf,1290.0,1295.0,0,0.15702607,0
chb03_36.edf,2630.0,2635.0,0,0.15607832,0
chb03_34.edf,2085.0,2090.0,0,0.3872253,0
chb03_01.edf,320.0,325.0,0,0.1564351,0
chb03_16.edf,2785.0,2790.0,0,0.13631035,0
chb03_15.edf,2305.0,2310.0,0,0.1522246,0
chb03_17.edf,3460.0,3465.0,0,0.2620528,0
chb03_35.edf,815.0,820.0,0,0.14078079,0
chb03_01.edf,1975.0,1980.0,0,0.21516815,0
chb03_35.edf,3085.0,3090.0,0,0.14587,0
chb03_15.edf,1335.0,1340.0,0,0.16810472,0
chb03_15.edf,3120.0,3125.0,0,0.16701669,0
chb03_16.edf,340.0,345.0,0,0.16399553,0
chb03_16.edf,2655.0,2660.0,0,0.25873485,0
chb03_16.edf,2360.0,2365.0,0,0.1418786,0
chb03_35.edf,2890.0,2895.0,0,0.12560181,0
chb03_15.edf,2050.0,2055.0,0,0.15568022,0
chb03_01.edf,2575.0,2580.0,0,0.15645806,0
chb03_17.edf,3340.0,3345.0,0,0.14285852,0
chb03_16.edf,880.0,885.0,0,0.15518916,0
chb03_15.edf,1150.0,1155.0,0,0.1581063,0
chb03_16.edf,3105.0,3110.0,0,0.1980836,0
chb03_15.edf,530.0,535.0,0,0.14837882,0
chb03_17.edf,2395.0,2400.0,0,0.16019246,0
chb03_01.edf,1950.0,1955.0,0,0.18327661,0
chb03_16.edf,325.0,330.0,0,0.16568713,0
chb03_17.edf,1070.0,1075.0,0,0.16763216,0
chb03_17.edf,2335.0,2340.0,0,0.16399969,0
chb03_15.edf,1565.0,1570.0,0,0.16413765,0
chb03_34.edf,1265.0,1270.0,0,0.1722967,0
chb03_35.edf,2035.0,2040.0,0,0.13437915,0
chb03_34.edf,3455.0,3460.0,0,0.16808933,0
chb03_35.edf,2765.0,2770.0,0,0.22308822,0
chb03_16.edf,445.0,450.0,0,0.16857417,0
chb03_17.edf,455.0,460.0,0,0.19846627,0
chb03_36.edf,1090.0,1095.0,0,0.1594624,0
chb03_35.edf,2725.0,2730.0,0,0.17417593,0
chb03_35.edf,990.0,995.0,0,0.13747151,0
chb03_16.edf,215.0,220.0,0,0.17298846,0
chb03_17.edf,2990.0,2995.0,0,0.16239394,0
chb03_36.edf,1340.0,1345.0,0,0.13764265,0
chb03_15.edf,2870.0,2875.0,0,0.1683031,0
chb03_17.edf,2110.0,2115.0,0,0.17196047,0
chb03_17.edf,750.0,755.0,0,0.17190054,0
chb03_15.edf,820.0,825.0,0,0.1561573,0
chb03_36.edf,1545.0,1550.0,0,0.17843622,0
chb03_36.edf,2270.0,2275.0,0,0.14004369,0
chb03_15.edf,3020.0,3025.0,0,0.15980436,0
chb03_36.edf,635.0,640.0,0,0.14904892,0
chb03_17.edf,95.0,100.0,0,0.13826586,0
chb03_01.edf,2900.0,2905.0,0,0.14452,0
chb03_16.edf,1275.0,1280.0,0,0.1608684,0
chb03_17.edf,3155.0,3160.0,0,0.14480288,0
chb03_36.edf,1130.0,1135.0,0,0.14261931,0
chb03_36.edf,1605.0,1610.0,0,0.38396817,0
chb03_36.edf,2495.0,2500.0,0,0.13980609,0
chb03_34.edf,2030.0,2035.0,0,0.5904219,1
chb03_35.edf,940.0,945.0,0,0.12978582,0
chb03_17.edf,3100.0,3105.0,0,0.18598711,0
chb03_15.edf,1080.0,1085.0,0,0.16628449,0
chb03_34.edf,130.0,135.0,0,0.14652044,0
chb03_01.edf,1085.0,1090.0,0,0.14701054,0
chb03_34.edf,230.0,235.0,0,0.14482152,0
chb03_16.edf,2640.0,2645.0,0,0.31496122,0
chb03_34.edf,2060.0,2065.0,0,0.4438643,0
chb03_35.edf,110.0,115.0,0,0.14580125,0
chb03_36.edf,925.0,930.0,0,0.11849821,0
chb03_34.edf,1685.0,1690.0,0,0.14423111,0
chb03_15.edf,2070.0,2075.0,0,0.13126145,0
chb03_36.edf,2685.0,2690.0,0,0.2934149,0
chb03_17.edf,890.0,895.0,0,0.52608114,1
chb03_34.edf,1525.0,1530.0,0,0.1482042,0
chb03_01.edf,1560.0,1565.0,0,0.19216287,0
chb03_16.edf,3580.0,3585.0,0,0.18587062,0
chb03_36.edf,870.0,875.0,0,0.33401245,0
chb03_16.edf,3140.0,3145.0,0,0.13909945,0
chb03_34.edf,115.0,120.0,0,0.14709428,0
chb03_36.edf,2795.0,2800.0,0,0.3568518,0
chb03_15.edf,1685.0,1690.0,0,0.15546043,0
chb03_17.edf,2025.0,2030.0,0,0.15478933,0
chb03_01.edf,25.0,30.0,0,0.15830989,0
chb03_16.edf,2850.0,2855.0,0,0.15120177,0
chb03_36.edf,1865.0,1870.0,0,0.13623033,0
chb03_17.edf,390.0,395.0,0,0.16195403,0
chb03_16.edf,715.0,720.0,0,0.15847963,0
chb03_34.edf,2130.0,2135.0,0,0.19994615,0
chb03_01.edf,2925.0,2930.0,0,0.13613841,0
chb03_15.edf,1535.0,1540.0,0,0.16089231,0
chb03_36.edf,380.0,385.0,0,0.14268385,0
chb03_36.edf,1405.0,1410.0,0,0.1416059,0
chb03_34.edf,2820.0,2825.0,0,0.14381221,0
chb03_17.edf,700.0,705.0,0,0.1377533,0
chb03_34.edf,1700.0,1705.0,0,0.13961552,0
chb03_35.edf,2650.0,2655.0,1,0.6397823,1
chb03_35.edf,2065.0,2070.0,0,0.14170489,0
chb03_01.edf,3280.0,3285.0,0,0.16614799,0
chb03_15.edf,3050.0,3055.0,0,0.16995734,0
chb03_17.edf,2495.0,2500.0,0,0.16418372,0
chb03_17.edf,580.0,585.0,0,0.2723984,0
chb03_34.edf,3050.0,3055.0,0,0.15147552,0
chb03_36.edf,2915.0,2920.0,0,0.14996551,0
chb03_17.edf,3430.0,3435.0,0,0.17272377,0
chb03_36.edf,90.0,95.0,0,0.14466916,0
chb03_34.edf,195.0,200.0,0,0.13758986,0
chb03_35.edf,1630.0,1635.0,0,0.14972344,0
chb03_15.edf,1600.0,1605.0,0,0.16270638,0
chb03_16.edf,1330.0,1335.0,0,0.16048975,0
chb03_01.edf,2850.0,2855.0,0,0.15304704,0
chb03_35.edf,1445.0,1450.0,0,0.20170648,0
chb03_17.edf,2070.0,2075.0,0,0.15170425,0
chb03_36.edf,980.0,985.0,0,0.14575602,0
chb03_36.edf,2550.0,2555.0,0,0.14482358,0
chb03_36.edf,2375.0,2380.0,0,0.15818335,0
chb03_16.edf,2815.0,2820.0,0,0.17579742,0
chb03_16.edf,1460.0,1465.0,0,0.15797128,0
chb03_35.edf,2295.0,2300.0,0,0.13236313,0
chb03_16.edf,1835.0,1840.0,0,0.14251363,0
chb03_35.edf,1845.0,1850.0,0,0.18535443,0
chb03_36.edf,1635.0,1640.0,0,0.23091531,0
chb03_01.edf,2740.0,2745.0,0,0.14591072,0
chb03_17.edf,485.0,490.0,0,0.15952274,0
chb03_36.edf,3285.0,3290.0,0,0.14958411,0
chb03_15.edf,1100.0,1105.0,0,0.15923768,0
chb03_01.edf,690.0,695.0,0,0.20280232,0
chb03_01.edf,2115.0,2120.0,0,0.2458985,0
chb03_36.edf,1715.0,1720.0,0,0.13081507,0
chb03_15.edf,3105.0,3110.0,0,0.1685606,0
chb03_34.edf,65.0,70.0,0,0.13437256,0
chb03_17.edf,1445.0,1450.0,0,0.15848441,0
chb03_36.edf,3050.0,3055.0,0,0.15157193,0
chb03_01.edf,3545.0,3550.0,0,0.15260984,0
chb03_34.edf,235.0,240.0,0,0.14395529,0
chb03_34.edf,2245.0,2250.0,0,0.54723233,1
chb03_35.edf,1940.0,1945.0,0,0.14073248,0
chb03_16.edf,2105.0,2110.0,0,0.18205665,0
chb03_01.edf,1170.0,1175.0,0,0.14328323,0
chb03_01.edf,410.0,415.0,1,0.6431422,1
chb03_34.edf,1010.0,1015.0,0,0.15513878,0
chb03_01.edf,330.0,335.0,0,0.14867589,0
chb03_15.edf,425.0,430.0,0,0.15114498,0
chb03_17.edf,2810.0,2815.0,0,0.1448409,0
chb03_34.edf,2970.0,2975.0,0,0.15076952,0
chb03_34.edf,2465.0,2470.0,0,0.16271967,0
chb03_16.edf,1440.0,1445.0,0,0.14919697,0
chb03_34.edf,2680.0,2685.0,0,0.14359465,0
chb03_34.edf,1995.0,2000.0,1,0.5963862,1
chb03_01.edf,860.0,865.0,0,0.17460667,0
chb03_36.edf,1925.0,1930.0,0,0.18971881,0
chb03_17.edf,2705.0,2710.0,0,0.14600752,0
chb03_35.edf,3015.0,3020.0,0,0.14887197,0
chb03_17.edf,1080.0,1085.0,0,0.24189612,0
chb03_15.edf,930.0,935.0,0,0.15772745,0
chb03_01.edf,3420.0,3425.0,0,0.17124781,0
chb03_36.edf,2845.0,2850.0,0,0.26504412,0
chb03_15.edf,2295.0,2300.0,0,0.15859427,0
chb03_15.edf,1255.0,1260.0,0,0.1641265,0
chb03_34.edf,1355.0,1360.0,0,0.1533106,0
chb03_17.edf,2050.0,2055.0,0,0.20556316,0
chb03_35.edf,490.0,495.0,0,0.14879504,0
chb03_35.edf,745.0,750.0,0,0.142607,0
chb03_15.edf,2960.0,2965.0,0,0.16911016,0
chb03_01.edf,525.0,530.0,0,0.13965976,0
chb03_17.edf,2835.0,2840.0,0,0.18850417,0
chb03_36.edf,710.0,715.0,0,0.13228065,0
chb03_34.edf,2950.0,2955.0,0,0.14833887,0
chb03_16.edf,1230.0,1235.0,0,0.15995455,0
chb03_15.edf,2475.0,2480.0,0,0.164413,0
chb03_36.edf,540.0,545.0,0,0.43563813,0
chb03_17.edf,2255.0,2260.0,0,0.20138077,0
chb03_36.edf,25.0,30.0,0,0.14521335,0
chb03_35.edf,2850.0,2855.0,0,0.5630606,1
chb03_35.edf,975.0,980.0,0,0.14110231,0
chb03_17.edf,3350.0,3355.0,0,0.1366412,0
chb03_34.edf,290.0,295.0,0,0.14119235,0
chb03_35.edf,1510.0,1515.0,0,0.1921007,0
chb03_34.edf,2825.0,2830.0,0,0.14490047,0
chb03_35.edf,1400.0,1405.0,0,0.13191308,0
chb03_17.edf,1200.0,1205.0,0,0.14705193,0
chb03_15.edf,300.0,305.0,0,0.15160157,0
chb03_35.edf,1365.0,1370.0,0,0.18415673,0
chb03_35.edf,2085.0,2090.0,0,0.14696611,0
chb03_36.edf,1590.0,1595.0,0,0.49480516,1
chb03_36.edf,665.0,670.0,0,0.2672535,0
chb03_15.edf,2545.0,2550.0,0,0.162029,0
chb03_15.edf,2240.0,2245.0,0,0.14863284,0
chb03_34.edf,3505.0,3510.0,0,0.14935386,0
chb03_34.edf,2345.0,2350.0,0,0.21045102,0
chb03_34.edf,1110.0,1115.0,0,0.15762758,0
chb03_34.edf,930.0,935.0,0,0.31222123,0
chb03_15.edf,290.0,295.0,0,0.14142731,0
chb03_36.edf,3090.0,3095.0,0,0.15389475,0
chb03_15.edf,1435.0,1440.0,0,0.15213425,0
chb03_34.edf,1930.0,1935.0,0,0.13146408,0
chb03_36.edf,1835.0,1840.0,0,0.33863866,0
chb03_17.edf,3425.0,3430.0,0,0.14881115,0
chb03_17.edf,3050.0,3055.0,0,0.17802992,0
chb03_36.edf,1780.0,1785.0,0,0.54503596,1
chb03_16.edf,2080.0,2085.0,0,0.30209762,0
chb03_36.edf,2695.0,2700.0,0,0.14857818,0
chb03_15.edf,2530.0,2535.0,0,0.16185732,0
chb03_34.edf,550.0,555.0,0,0.1457148,0
chb03_36.edf,2130.0,2135.0,0,0.5231293,1
chb03_01.edf,1455.0,1460.0,0,0.17198159,0
chb03_17.edf,2735.0,2740.0,0,0.14934225,0
chb03_16.edf,2710.0,2715.0,0,0.14219414,0
chb03_34.edf,2605.0,2610.0,0,0.1406379,0
chb03_35.edf,140.0,145.0,0,0.18943577,0
chb03_16.edf,3445.0,3450.0,0,0.12852079,0
chb03_16.edf,2535.0,2540.0,0,0.1886733,0
chb03_34.edf,1750.0,1755.0,0,0.13974509,0
chb03_16.edf,1960.0,1965.0,0,0.14587308,0
chb03_34.edf,1630.0,1635.0,0,0.14588033,0
chb03_01.edf,2955.0,2960.0,0,0.16454944,0
chb03_17.edf,2375.0,2380.0,0,0.20043904,0
chb03_17.edf,210.0,215.0,0,0.16924365,0
chb03_34.edf,2905.0,2910.0,0,0.1508838,0
chb03_16.edf,2190.0,2195.0,0,0.4292566,0
chb03_34.edf,2145.0,2150.0,0,0.19454259,0
chb03_01.edf,2495.0,2500.0,0,0.15828575,0
chb03_35.edf,780.0,785.0,0,0.14028896,0
chb03_17.edf,1435.0,1440.0,0,0.15623865,0
chb03_15.edf,2730.0,2735.0,0,0.14735134,0
chb03_01.edf,1065.0,1070.0,0,0.14326143,0
chb03_34.edf,1410.0,1415.0,0,0.15126552,0
chb03_36.edf,2870.0,2875.0,0,0.17383166,0
chb03_17.edf,2935.0,2940.0,0,0.19475518,0
chb03_16.edf,1630.0,1635.0,0,0.16066752,0
chb03_36.edf,3230.0,3235.0,0,0.14679876,0
chb03_01.edf,360.0,365.0,1,0.31137344,0
chb03_17.edf,170.0,175.0,0,0.20210432,0
chb03_34.edf,2295.0,2300.0,0,0.14981887,0
chb03_15.edf,725.0,730.0,0,0.1589131,0
chb03_35.edf,3500.0,3505.0,0,0.14556326,0
chb03_36.edf,2030.0,2035.0,0,0.28190163,0
chb03_01.edf,2425.0,2430.0,0,0.16100276,0
chb03_34.edf,970.0,975.0,0,0.44629315,0
chb03_15.edf,1790.0,1795.0,0,0.15280254,0
chb03_36.edf,1615.0,1620.0,0,0.17272574,0
chb03_34.edf,155.0,160.0,0,0.14714557,0
chb03_16.edf,505.0,510.0,0,0.16259211,0
chb03_36.edf,1375.0,1380.0,0,0.14889088,0
chb03_35.edf,3575.0,3580.0,0,0.15204416,0
chb03_17.edf,1965.0,1970.0,0,0.18316211,0
chb03_36.edf,955.0,960.0,0,0.13666259,0
chb03_01.edf,3285.0,3290.0,0,0.16440795,0
chb03_01.edf,1355.0,1360.0,0,0.19246429,0
chb03_01.edf,2735.0,2740.0,0,0.15488471,0
chb03_01.edf,1055.0,1060.0,0,0.14284436,0
chb03_36.edf,2255.0,2260.0,0,0.15867236,0
chb03_15.edf,2795.0,2800.0,0,0.16553503,0
chb03_17.edf,1780.0,1785.0,0,0.2307165,0
chb03_15.edf,1865.0,1870.0,0,0.1611812,0
chb03_34.edf,3030.0,3035.0,0,0.14533757,0
chb03_36.edf,1010.0,1015.0,0,0.13693571,0
chb03_15.edf,715.0,720.0,0,0.15946823,0
chb03_15.edf,3305.0,3310.0,0,0.17106315,0
chb03_17.edf,1405.0,1410.0,0,0.13125648,0
chb03_16.edf,770.0,775.0,0,0.15290385,0
chb03_17.edf,2855.0,2860.0,0,0.16136436,0
chb03_36.edf,3525.0,3530.0,0,0.14243287,0
