threshold,merge_gap,actual_events,detected_events,predicted_events,false_alarm_events,detection_rate
0.25,5,4,4,21,17,100.0
0.25,10,4,4,21,17,100.0
0.25,20,4,4,21,17,100.0
0.25,30,4,4,21,17,100.0
0.25,40,4,4,21,17,100.0
0.25,60,4,4,21,17,100.0
0.3,5,4,4,23,19,100.0
0.3,10,4,4,23,19,100.0
0.3,20,4,4,23,19,100.0
0.3,30,4,4,23,19,100.0
0.3,40,4,4,23,19,100.0
0.3,60,4,4,23,19,100.0
0.35,5,4,4,22,18,100.0
0.35,10,4,4,22,18,100.0
0.35,20,4,4,22,18,100.0
0.35,30,4,4,22,18,100.0
0.35,40,4,4,22,18,100.0
0.35,60,4,4,22,18,100.0
0.4,5,4,4,15,11,100.0
0.4,10,4,4,15,11,100.0
0.4,20,4,4,15,11,100.0
0.4,30,4,4,15,11,100.0
0.4,40,4,4,15,11,100.0
0.4,60,4,4,15,11,100.0
0.45,5,4,4,15,11,100.0
0.45,10,4,4,15,11,100.0
0.45,20,4,4,15,11,100.0
0.45,30,4,4,15,11,100.0
0.45,40,4,4,15,11,100.0
0.45,60,4,4,15,11,100.0
0.5,5,4,4,14,10,100.0
0.5,10,4,4,14,10,100.0
0.5,20,4,4,14,10,100.0
0.5,30,4,4,14,10,100.0
0.5,40,4,4,14,10,100.0
0.5,60,4,4,14,10,100.0
