file,start,end,actual,predicted,seizure_probability
chb03_01.edf,360.0,365.0,1,0,0.0
chb03_01.edf,365.0,370.0,1,0,0.0830182561499964
chb03_01.edf,375.0,380.0,1,0,0.3630182561499965
chb03_01.edf,380.0,385.0,1,0,0.2730182561499965
chb03_01.edf,390.0,395.0,1,0,0.2630182561499964
chb03_01.edf,395.0,400.0,1,0,0.4430182561499964
chb03_01.edf,405.0,410.0,1,0,0.3163515894833298
chb03_01.edf,410.0,415.0,1,0,0.3496849228166631
chb03_34.edf,1980.0,1985.0,1,0,0.3331567328918322
chb03_34.edf,1985.0,1990.0,1,0,0.3964900662251656
chb03_34.edf,1990.0,1995.0,1,0,0.2564900662251655
chb03_34.edf,2010.0,2015.0,1,0,0.1664900662251655
chb03_35.edf,2590.0,2595.0,1,0,0.0633333333333333
chb03_35.edf,2595.0,2600.0,1,0,0.4265453728661276
chb03_35.edf,2600.0,2605.0,1,0,0.0365453728661275
chb03_35.edf,2605.0,2610.0,1,0,0.2598787061994609
chb03_35.edf,2610.0,2615.0,1,0,0.4432120395327943
chb03_35.edf,2620.0,2625.0,1,0,0.1998787061994609
chb03_35.edf,2625.0,2630.0,1,0,0.3732120395327942
chb03_36.edf,1730.0,1735.0,1,0,0.4464505566470202
chb03_36.edf,1735.0,1740.0,1,0,0.1497838899803536
chb03_36.edf,1740.0,1745.0,1,0,0.1864505566470203
chb03_36.edf,1745.0,1750.0,1,0,0.3497838899803536
chb03_36.edf,1760.0,1765.0,1,0,0.4331009480288694
chb03_36.edf,1770.0,1775.0,1,0,0.0397838899803536
chb03_36.edf,1775.0,1780.0,1,0,0.0964505566470203
