threshold,min_duration,merge_gap,actual_events,detected_events,predicted_events,false_alarm_events,detection_rate
0.3,5,5,4,4,14,10,100.0
0.3,5,10,4,4,9,5,100.0
0.3,5,20,4,4,9,5,100.0
0.3,5,30,4,4,9,5,100.0
0.3,5,40,4,4,8,4,100.0
0.3,5,60,4,4,8,4,100.0
0.3,10,5,4,4,7,3,100.0
0.3,10,10,4,4,5,1,100.0
0.3,10,20,4,4,5,1,100.0
0.3,10,30,4,4,5,1,100.0
0.3,10,40,4,4,4,0,100.0
0.3,10,60,4,4,4,0,100.0
0.3,15,5,4,4,5,1,100.0
0.3,15,10,4,4,5,1,100.0
0.3,15,20,4,4,5,1,100.0
0.3,15,30,4,4,5,1,100.0
0.3,15,40,4,4,4,0,100.0
0.3,15,60,4,4,4,0,100.0
0.3,20,5,4,4,5,1,100.0
0.3,20,10,4,4,5,1,100.0
0.3,20,20,4,4,5,1,100.0
0.3,20,30,4,4,5,1,100.0
0.3,20,40,4,4,4,0,100.0
0.3,20,60,4,4,4,0,100.0
0.3,25,5,4,4,5,1,100.0
0.3,25,10,4,4,4,0,100.0
0.3,25,20,4,4,4,0,100.0
0.3,25,30,4,4,4,0,100.0
0.3,25,40,4,4,4,0,100.0
0.3,25,60,4,4,4,0,100.0
0.3,30,5,4,3,4,1,75.0
0.3,30,10,4,4,4,0,100.0
0.3,30,20,4,4,4,0,100.0
0.3,30,30,4,4,4,0,100.0
0.3,30,40,4,4,4,0,100.0
0.3,30,60,4,4,4,0,100.0
0.35,5,5,4,4,13,9,100.0
0.35,5,10,4,4,9,5,100.0
0.35,5,20,4,4,8,4,100.0
0.35,5,30,4,4,8,4,100.0
0.35,5,40,4,4,7,3,100.0
0.35,5,60,4,4,7,3,100.0
0.35,10,5,4,4,7,3,100.0
0.35,10,10,4,4,6,2,100.0
0.35,10,20,4,4,5,1,100.0
0.35,10,30,4,4,5,1,100.0
0.35,10,40,4,4,4,0,100.0
0.35,10,60,4,4,4,0,100.0
0.35,15,5,4,4,5,1,100.0
0.35,15,10,4,4,5,1,100.0
0.35,15,20,4,4,5,1,100.0
0.35,15,30,4,4,5,1,100.0
0.35,15,40,4,4,4,0,100.0
0.35,15,60,4,4,4,0,100.0
0.35,20,5,4,4,5,1,100.0
0.35,20,10,4,4,5,1,100.0
0.35,20,20,4,4,5,1,100.0
0.35,20,30,4,4,5,1,100.0
0.35,20,40,4,4,4,0,100.0
0.35,20,60,4,4,4,0,100.0
0.35,25,5,4,3,4,1,75.0
0.35,25,10,4,3,3,0,75.0
0.35,25,20,4,4,4,0,100.0
0.35,25,30,4,4,4,0,100.0
0.35,25,40,4,4,4,0,100.0
0.35,25,60,4,4,4,0,100.0
0.35,30,5,4,3,4,1,75.0
0.35,30,10,4,3,3,0,75.0
0.35,30,20,4,4,4,0,100.0
0.35,30,30,4,4,4,0,100.0
0.35,30,40,4,4,4,0,100.0
0.35,30,60,4,4,4,0,100.0
0.4,5,5,4,4,12,8,100.0
0.4,5,10,4,4,9,5,100.0
0.4,5,20,4,4,6,2,100.0
0.4,5,30,4,4,6,2,100.0
0.4,5,40,4,4,6,2,100.0
0.4,5,60,4,4,5,1,100.0
0.4,10,5,4,4,7,3,100.0
0.4,10,10,4,4,6,2,100.0
0.4,10,20,4,4,4,0,100.0
0.4,10,30,4,4,4,0,100.0
0.4,10,40,4,4,4,0,100.0
0.4,10,60,4,4,4,0,100.0
0.4,15,5,4,4,5,1,100.0
0.4,15,10,4,4,5,1,100.0
0.4,15,20,4,4,4,0,100.0
0.4,15,30,4,4,4,0,100.0
0.4,15,40,4,4,4,0,100.0
0.4,15,60,4,4,4,0,100.0
0.4,20,5,4,4,5,1,100.0
0.4,20,10,4,4,5,1,100.0
0.4,20,20,4,4,4,0,100.0
0.4,20,30,4,4,4,0,100.0
0.4,20,40,4,4,4,0,100.0
0.4,20,60,4,4,4,0,100.0
0.4,25,5,4,2,3,1,50.0
0.4,25,10,4,3,4,1,75.0
0.4,25,20,4,4,4,0,100.0
0.4,25,30,4,4,4,0,100.0
0.4,25,40,4,4,4,0,100.0
0.4,25,60,4,4,4,0,100.0
0.4,30,5,4,1,2,1,25.0
0.4,30,10,4,3,4,1,75.0
0.4,30,20,4,4,4,0,100.0
0.4,30,30,4,4,4,0,100.0
0.4,30,40,4,4,4,0,100.0
0.4,30,60,4,4,4,0,100.0
0.45,5,5,4,4,13,9,100.0
0.45,5,10,4,4,9,5,100.0
0.45,5,20,4,4,7,3,100.0
0.45,5,30,4,4,6,2,100.0
0.45,5,40,4,4,6,2,100.0
0.45,5,60,4,4,5,1,100.0
0.45,10,5,4,3,4,1,75.0
0.45,10,10,4,4,5,1,100.0
0.45,10,20,4,4,5,1,100.0
0.45,10,30,4,4,4,0,100.0
0.45,10,40,4,4,4,0,100.0
0.45,10,60,4,4,4,0,100.0
0.45,15,5,4,3,3,0,75.0
0.45,15,10,4,4,5,1,100.0
0.45,15,20,4,4,5,1,100.0
0.45,15,30,4,4,4,0,100.0
0.45,15,40,4,4,4,0,100.0
0.45,15,60,4,4,4,0,100.0
0.45,20,5,4,3,3,0,75.0
0.45,20,10,4,4,5,1,100.0
0.45,20,20,4,4,5,1,100.0
0.45,20,30,4,4,4,0,100.0
0.45,20,40,4,4,4,0,100.0
0.45,20,60,4,4,4,0,100.0
0.45,25,5,4,2,2,0,50.0
0.45,25,10,4,3,4,1,75.0
0.45,25,20,4,4,5,1,100.0
0.45,25,30,4,4,4,0,100.0
0.45,25,40,4,4,4,0,100.0
0.45,25,60,4,4,4,0,100.0
0.45,30,5,4,1,1,0,25.0
0.45,30,10,4,3,3,0,75.0
0.45,30,20,4,4,5,1,100.0
0.45,30,30,4,4,4,0,100.0
0.45,30,40,4,4,4,0,100.0
0.45,30,60,4,4,4,0,100.0
0.5,5,5,4,4,12,8,100.0
0.5,5,10,4,4,8,4,100.0
0.5,5,20,4,4,6,2,100.0
0.5,5,30,4,4,5,1,100.0
0.5,5,40,4,4,5,1,100.0
0.5,5,60,4,4,4,0,100.0
0.5,10,5,4,3,4,1,75.0
0.5,10,10,4,4,5,1,100.0
0.5,10,20,4,4,5,1,100.0
0.5,10,30,4,4,4,0,100.0
0.5,10,40,4,4,4,0,100.0
0.5,10,60,4,4,4,0,100.0
0.5,15,5,4,3,3,0,75.0
0.5,15,10,4,4,5,1,100.0
0.5,15,20,4,4,5,1,100.0
0.5,15,30,4,4,4,0,100.0
0.5,15,40,4,4,4,0,100.0
0.5,15,60,4,4,4,0,100.0
0.5,20,5,4,3,3,0,75.0
0.5,20,10,4,4,5,1,100.0
0.5,20,20,4,4,5,1,100.0
0.5,20,30,4,4,4,0,100.0
0.5,20,40,4,4,4,0,100.0
0.5,20,60,4,4,4,0,100.0
0.5,25,5,4,2,2,0,50.0
0.5,25,10,4,3,4,1,75.0
0.5,25,20,4,4,5,1,100.0
0.5,25,30,4,4,4,0,100.0
0.5,25,40,4,4,4,0,100.0
0.5,25,60,4,4,4,0,100.0
0.5,30,5,4,1,1,0,25.0
0.5,30,10,4,3,3,0,75.0
0.5,30,20,4,4,5,1,100.0
0.5,30,30,4,4,4,0,100.0
0.5,30,40,4,4,4,0,100.0
0.5,30,60,4,4,4,0,100.0
