threshold,precision,recall,f1,false_positives,false_negatives
0.5,0.8666666666666667,0.28888888888888886,0.43333333333333335,2,32
0.45,0.782608695652174,0.4,0.5294117647058824,5,27
0.4,0.7407407407407407,0.4444444444444444,0.5555555555555556,7,25
0.35,0.6666666666666666,0.5333333333333333,0.5925925925925926,12,21
0.3,0.5813953488372093,0.5555555555555556,0.5681818181818182,18,20
0.25,0.5272727272727272,0.6444444444444445,0.58,26,16
0.2,0.4722222222222222,0.7555555555555555,0.5811965811965812,38,11
0.15,0.43820224719101125,0.8666666666666667,0.582089552238806,50,6
0.1,0.3504273504273504,0.9111111111111111,0.5061728395061729,76,4
0.05,0.3142857142857143,0.9777777777777777,0.4756756756756757,96,1
